<?xml version="1.0" encoding="UTF-8"?>
<!DOCTYPE suite SYSTEM "http://testng.org/testng-1.0.dtd">
<suite name="Suite">
 <test name="LoginAndSearch">
  <parameter name="Select" value="chrome"/>
  <parameter name="email" value="sawantnileshr@gmail.com"/>
  <parameter name="password" value="India@123"/>
  <parameter name="SearchText" value="football"/>
  <classes>
  	<class name="com.testcases.SearchWithLogin"/>
  </classes>
  </test> <!-- Test -->
 
 <test name="SearchWithoutLogin">
  <parameter name="Select" value="chrome"/>
  <parameter name="SearchText" value="football"/>
  <classes>
  	<class name="com.testcases.SearchWithLogin"/>
  </classes>
  </test> <!-- Test -->
  
  
  <test name="EmptySearch">
  <parameter name="Select" value="chrome"/>
  <parameter name="SearchText" value=""/>
  <classes>
  	<class name="com.testcases.InvalidSearch"/>
  </classes>
  </test> <!-- Test -->
  
  <test name="LongString">
  <parameter name="Select" value="chrome"/>
  <parameter name="SearchText" value="uquequwueqweiuqwjelkqjw;leji ijwelqwjelkjdlasdajskjdalsjdlajsdjasldjalsjd;lasjd;lajsd;lja;lsdja;lsjdkjhckjnajsdhhasfkjdfhkuhf;kajsd;lasd;ljas;ldja;lsdjlaksjd;lajsd"/>
  <classes>
  	<class name="com.testcases.InvalidSearch"/>
  </classes>
  </test> <!-- Test -->
  
  
  <test name="SearchSuggetion">
  <parameter name="Select" value="chrome"/>
  <parameter name="SearchText" value="foo"/>
  <classes>
  	<class name="com.testcases.SearchSuggetion"/>
  </classes>
  </test> <!-- Test -->
  
   <test name="DeleteSearchString">
  <parameter name="Select" value="chrome"/>
  <parameter name="SearchText" value="foo"/>
  <classes>
  	<class name="com.testcases.DeleteSearchString"/>
  </classes>
  </test> <!-- Test -->
</suite> <!-- Suite -->